,Accuracy,Accuracy,Accuracy,Macro F1,Macro F1,Macro F1
Method,dpp,random,topk,dpp,random,topk
Shot,,,,,,
1,0.816,0.786,0.816,0.8150234144031618,0.7852188792406183,0.8150234144031618
2,0.798,0.788,0.808,0.7973702240772897,0.7874640415618165,0.8069618725702332
3,0.802,0.77,0.794,0.801629172120849,0.7695655003132993,0.7934685232083564
4,0.796,0.796,0.79,0.7955940140583557,0.7961800687350036,0.7897386552241944
5,0.798,0.78,0.79,0.7971760190068529,0.7791994289373079,0.7897914102088558
