,Accuracy,Accuracy,Accuracy,Macro F1,Macro F1,Macro F1
Method,dpp,random,topk,dpp,random,topk
Shot,,,,,,
1,0.768,0.792,0.768,0.7311726262088981,0.7601857235663806,0.7311726262088981
2,0.774,0.782,0.782,0.7410523504273504,0.7543396051000298,0.7594476647260565
3,0.756,0.774,0.774,0.7174406320334389,0.7424372561176442,0.7462426990516878
4,0.762,0.772,0.78,0.7274944204084228,0.732710876042923,0.7545181706649374
5,0.744,0.768,0.78,0.7051853524828301,0.7351749673617727,0.7536352642046795
