,Accuracy,Accuracy,Accuracy,Macro F1,Macro F1,Macro F1
Method,dpp,random,topk,dpp,random,topk
Shot,,,,,,
1,0.318,0.32,0.318,0.3242796410014171,0.32933989285924853,0.3242796410014171
2,0.282,0.278,0.276,0.21959199841552782,0.21457018984242215,0.20395667721437574
3,0.278,0.29,0.284,0.20277378224085216,0.24521590044219754,0.23229027633595334
4,0.288,0.294,0.282,0.23969824881698762,0.26661073880702585,0.22544211064934416
5,0.276,0.296,0.28,0.195271579835112,0.2636196915338792,0.21777927540030204
