,Accuracy,Accuracy,Accuracy,Macro F1,Macro F1,Macro F1
Method,dpp,random,topk,dpp,random,topk
Shot,,,,,,
1,0.764,0.772,0.764,0.7628886329969174,0.7701049497870481,0.7628886329969174
2,0.754,0.746,0.762,0.7517440720556718,0.7437776097831577,0.7594851294597481
3,0.75,0.756,0.752,0.746855115173385,0.7533448647947734,0.7495888745339043
4,0.736,0.742,0.752,0.7334855187373407,0.7391353620853205,0.7496962257200354
5,0.728,0.748,0.738,0.7264184845027423,0.7461681219987656,0.7342945500946604
