,Accuracy,Accuracy,Accuracy,Macro F1,Macro F1,Macro F1
Method,dpp,random,topk,dpp,random,topk
Shot,,,,,,
1,0.708,0.73,0.708,0.6418759773489723,0.6819183382456572,0.6418759773489723
2,0.712,0.724,0.698,0.6565720154574809,0.6747476473757619,0.6349772707515461
3,0.694,0.728,0.698,0.6398571838513235,0.6764891221722071,0.6546806457413142
4,0.686,0.732,0.678,0.6330702140005035,0.6887302231237323,0.6407740944433074
5,0.696,0.704,0.69,0.6381346001040399,0.6661203972675948,0.652439628205486
