,Accuracy,Accuracy,Accuracy,Macro F1,Macro F1,Macro F1
Method,dpp,random,topk,dpp,random,topk
Shot,,,,,,
1,0.782,0.776,0.782,0.7813848264939648,0.7753469316150051,0.7813848264939648
2,0.776,0.772,0.774,0.7747785099403806,0.7701938340471042,0.7732539634787727
3,0.774,0.762,0.77,0.7730897824480278,0.7615894696188598,0.7694151938056937
4,0.78,0.768,0.778,0.779389803860242,0.7667965570381708,0.7778852932364968
5,0.766,0.764,0.768,0.7658350822308715,0.763056935149584,0.7672508367260158
